Platform,Title,Date,Metascore,Userscore,Genre,2D,3D,Action,Action Adventure,Action RPG,Adventure,Arcade,Automobile,Baseball,Basketball,Beat-'Em-Up,Business / Tycoon,Career,Civilian,Combat,Command,Compilation,Dancing,Fighting,First-Person,Flight,Football,Futuristic,General,Horizontal,Hunting,Ice Hockey,Individual,Japanese-Style,Linear,Management,Matching,Metroidvania,Miscellaneous,Music,Nature,Open-World,Other,Party / Minigame,Platformer,Puzzle,Racing,Real-Time,Rhythm,Role-Playing,Rugby,Sandbox,Shoot-'Em-Up,Shooter,Sim,Simulation,Skate / Skateboard,Ski / Snowboard,Soccer,Space,Sports,Stacking,Strategy,Survival,Tactical,Tactics,Team,Tennis,Third-Person,Top-Down,Turn-Based,Vehicle,Virtual,Visual Novel,Western-Style,Wrestling
Xbox Series X,Elden Ring,"Feb 25, 2022",96,7.5,"['Action RPG', 'Role-Playing']",,,,,1,,,,,,,,,,,,,,,,,,,,,,,,,,,,,,,,,,,,,,,,1,,,,,,,,,,,,,,,,,,,,,,,,,,
Xbox Series X,Hades,"Aug 13, 2021",93,8.6,"['Action Adventure', 'Linear']",,,,1,,,,,,,,,,,,,,,,,,,,,,,,,,1,,,,,,,,,,,,,,,,,,,,,,,,,,,,,,,,,,,,,,,,,
Xbox Series X,Forza Horizon 5,"Nov  5, 2021",92,8.2,"['Automobile', 'Racing', 'Simulation']",,,,,,,,1,,,,,,,,,,,,,,,,,,,,,,,,,,,,,,,,,,1,,,,,,,,,1,,,,,,,,,,,,,,,,,,,,
Xbox Series X,Ori and the Will of the Wisps,"Nov 10, 2020",92,8.6,"['2D', 'Action', 'Metroidvania', 'Platformer']",1,,1,,,,,,,,,,,,,,,,,,,,,,,,,,,,,,1,,,,,,,1,,,,,,,,,,,,,,,,,,,,,,,,,,,,,,,
Xbox Series X,Disco Elysium: The Final Cut,"Oct 12, 2021",92,7.4,"['General', 'Role-Playing', 'Western-Style']",,,,,,,,,,,,,,,,,,,,,,,,1,,,,,,,,,,,,,,,,,,,,,1,,,,,,,,,,,,,,,,,,,,,,,,,1,
Xbox Series X,Microsoft Flight Simulator,"Jul 27, 2021",90,7.9,"['Civilian', 'Flight', 'Simulation']",,,,,,,,,,,,,,1,,,,,,,1,,,,,,,,,,,,,,,,,,,,,,,,,,,,,,1,,,,,,,,,,,,,,,,,,,,
Xbox Series X,It Takes Two,"Mar 26, 2021",89,8.7,"['Action Adventure', 'Linear']",,,,1,,,,,,,,,,,,,,,,,,,,,,,,,,1,,,,,,,,,,,,,,,,,,,,,,,,,,,,,,,,,,,,,,,,,
Xbox Series X,Doki Doki Literature Club Plus!,"Jun 30, 2021",89,8.7,"['Adventure', 'Visual Novel']",,,,,,1,,,,,,,,,,,,,,,,,,,,,,,,,,,,,,,,,,,,,,,,,,,,,,,,,,,,,,,,,,,,,,,1,,
Xbox Series X,Tony Hawk's Pro Skater 1 + 2,"Mar 26, 2021",89,6.4,"['Individual', 'Skate / Skateboard', 'Sports']",,,,,,,,,,,,,,,,,,,,,,,,,,,,1,,,,,,,,,,,,,,,,,,,,,,,,1,,,,1,,,,,,,,,,,,,,,
Xbox Series X,Fuga: Melodies of Steel,"Jul 29, 2021",89,7.3,"['General', 'Role-Playing']",,,,,,,,,,,,,,,,,,,,,,,,1,,,,,,,,,,,,,,,,,,,,,1,,,,,,,,,,,,,,,,,,,,,,,,,,
Xbox Series X,Tetris Effect: Connected,"Nov 10, 2020",88,7.7,"['Puzzle', 'Stacking']",,,,,,,,,,,,,,,,,,,,,,,,,,,,,,,,,,,,,,,,,1,,,,,,,,,,,,,,,,1,,,,,,,,,,,,,,
Xbox Series X,Mortal Kombat 11 Ultimate,"Nov 17, 2020",88,7.1,"['2D', 'Action', 'Fighting']",1,,1,,,,,,,,,,,,,,,,1,,,,,,,,,,,,,,,,,,,,,,,,,,,,,,,,,,,,,,,,,,,,,,,,,,,,
Xbox Series X,F1 2021,"Jul 13, 2021",88,5.5,"['Automobile', 'Racing', 'Simulation']",,,,,,,,1,,,,,,,,,,,,,,,,,,,,,,,,,,,,,,,,,,1,,,,,,,,,1,,,,,,,,,,,,,,,,,,,,
Xbox Series X,ENDER LILIES: Quietus of the Knights,"Jun 29, 2021",88,8.3,"['Action', 'Action Adventure', 'Metroidvania', 'Open-World', 'Platformer']",,,1,1,,,,,,,,,,,,,,,,,,,,,,,,,,,,,1,,,,1,,,1,,,,,,,,,,,,,,,,,,,,,,,,,,,,,,,
Xbox Series X,Before I Forget,"Apr 29, 2021",88,tbd,"['Adventure', 'General']",,,,,,1,,,,,,,,,,,,,,,,,,1,,,,,,,,,,,,,,,,,,,,,,,,,,,,,,,,,,,,,,,,,,,,,,,
Xbox Series X,Cyberpunk 2077,"Feb 15, 2022",87,6.1,"['Action RPG', 'Role-Playing']",,,,,1,,,,,,,,,,,,,,,,,,,,,,,,,,,,,,,,,,,,,,,,1,,,,,,,,,,,,,,,,,,,,,,,,,,
Xbox Series X,Psychonauts 2,"Aug 25, 2021",87,7.7,"['3D', 'Action', 'Action Adventure', 'Open-World', 'Platformer']",,1,1,1,,,,,,,,,,,,,,,,,,,,,,,,,,,,,,,,,1,,,1,,,,,,,,,,,,,,,,,,,,,,,,,,,,,,,
Xbox Series X,Hitman 3,"Jan 20, 2021",87,8.3,"['Action Adventure', 'General']",,,,1,,,,,,,,,,,,,,,,,,,,1,,,,,,,,,,,,,,,,,,,,,,,,,,,,,,,,,,,,,,,,,,,,,,,
Xbox Series X,Death's Door,"Jul 20, 2021",87,8.3,"['Action Adventure', 'General']",,,,1,,,,,,,,,,,,,,,,,,,,1,,,,,,,,,,,,,,,,,,,,,,,,,,,,,,,,,,,,,,,,,,,,,,,
Xbox Series X,Tales of Arise,"Sep 10, 2021",87,8.6,"['Japanese-Style', 'Role-Playing']",,,,,,,,,,,,,,,,,,,,,,,,,,,,,1,,,,,,,,,,,,,,,,1,,,,,,,,,,,,,,,,,,,,,,,,,,
Xbox Series X,Halo Infinite,"Dec  8, 2021",87,8.0,"['Action', 'Arcade', 'First-Person', 'Shooter']",,,1,,,,1,,,,,,,,,,,,,1,,,,,,,,,,,,,,,,,,,,,,,,,,,,,1,,,,,,,,,,,,,,,,,,,,,,
Xbox Series X,Control: Ultimate Edition,"Feb  2, 2021",87,7.4,"['Action Adventure', 'General']",,,,1,,,,,,,,,,,,,,,,,,,,1,,,,,,,,,,,,,,,,,,,,,,,,,,,,,,,,,,,,,,,,,,,,,,,
Xbox Series X,The Forgotten City,"Jul 28, 2021",86,8.4,"['Action Adventure', 'General']",,,,1,,,,,,,,,,,,,,,,,,,,1,,,,,,,,,,,,,,,,,,,,,,,,,,,,,,,,,,,,,,,,,,,,,,,
Xbox Series X,Crash Bandicoot 4: It's About Time,"Mar 12, 2021",86,6.9,"['3D', 'Action', 'Platformer']",,1,1,,,,,,,,,,,,,,,,,,,,,,,,,,,,,,,,,,,,,1,,,,,,,,,,,,,,,,,,,,,,,,,,,,,,,
Xbox Series X,Quake Remastered,"Oct 12, 2021",85,tbd,"['Action', 'Arcade', 'First-Person', 'Shooter']",,,1,,,,1,,,,,,,,,,,,,1,,,,,,,,,,,,,,,,,,,,,,,,,,,,,1,,,,,,,,,,,,,,,,,,,,,,
Xbox Series X,OlliOlli World,"Feb  8, 2022",85,6.7,"['2D', 'Action', 'Platformer']",1,,1,,,,,,,,,,,,,,,,,,,,,,,,,,,,,,,,,,,,,1,,,,,,,,,,,,,,,,,,,,,,,,,,,,,,,
Xbox Series X,Judgment,"Apr 23, 2021",85,8.9,"['Action Adventure', 'Open-World']",,,,1,,,,,,,,,,,,,,,,,,,,,,,,,,,,,,,,,1,,,,,,,,,,,,,,,,,,,,,,,,,,,,,,,,,,
Xbox Series X,Destiny 2: The Witch Queen,"Feb 22, 2022",85,8.0,"['Action', 'Arcade', 'First-Person', 'Shooter']",,,1,,,,1,,,,,,,,,,,,,1,,,,,,,,,,,,,,,,,,,,,,,,,,,,,1,,,,,,,,,,,,,,,,,,,,,,
Xbox Series X,Tunic,"Mar 16, 2022",84,7.8,"['Action RPG', 'Role-Playing']",,,,,1,,,,,,,,,,,,,,,,,,,,,,,,,,,,,,,,,,,,,,,,1,,,,,,,,,,,,,,,,,,,,,,,,,,
Xbox Series X,Devil May Cry 5: Special Edition,"Nov 10, 2020",84,7.9,"['Action Adventure', 'General']",,,,1,,,,,,,,,,,,,,,,,,,,1,,,,,,,,,,,,,,,,,,,,,,,,,,,,,,,,,,,,,,,,,,,,,,,
Xbox Series X,Planet Coaster: Console Edition,"Nov 10, 2020",84,5.4,"['Business / Tycoon', 'Management', 'Strategy']",,,,,,,,,,,,1,,,,,,,,,,,,,,,,,,,1,,,,,,,,,,,,,,,,,,,,,,,,,,,1,,,,,,,,,,,,,
Xbox Series X,Life is Strange: True Colors,"Sep 10, 2021",84,6.1,"['Action Adventure', 'General']",,,,1,,,,,,,,,,,,,,,,,,,,1,,,,,,,,,,,,,,,,,,,,,,,,,,,,,,,,,,,,,,,,,,,,,,,
Xbox Series X,Assassin's Creed Valhalla,"Nov 10, 2020",84,7.8,"['Action Adventure', 'Open-World']",,,,1,,,,,,,,,,,,,,,,,,,,,,,,,,,,,,,,,1,,,,,,,,,,,,,,,,,,,,,,,,,,,,,,,,,,
Xbox Series X,Marvel's Guardians of the Galaxy,"Oct 26, 2021",84,8.6,"['Action Adventure', 'Action RPG', 'Linear', 'Role-Playing']",,,,1,1,,,,,,,,,,,,,,,,,,,,,,,,,1,,,,,,,,,,,,,,,1,,,,,,,,,,,,,,,,,,,,,,,,,,
Xbox Series X,Tails Of Iron,"Sep 17, 2021",84,7.0,"['Action RPG', 'Role-Playing']",,,,,1,,,,,,,,,,,,,,,,,,,,,,,,,,,,,,,,,,,,,,,,1,,,,,,,,,,,,,,,,,,,,,,,,,,
Xbox Series X,Hell Let Loose,"Oct  5, 2021",84,7.9,"['Action', 'Arcade', 'First-Person', 'Shooter', 'Tactical']",,,1,,,,1,,,,,,,,,,,,,1,,,,,,,,,,,,,,,,,,,,,,,,,,,,,1,,,,,,,,,,,1,,,,,,,,,,,
Xbox Series X,Yakuza: Like a Dragon,"Nov 10, 2020",83,8.3,"['Japanese-Style', 'Role-Playing']",,,,,,,,,,,,,,,,,,,,,,,,,,,,,1,,,,,,,,,,,,,,,,1,,,,,,,,,,,,,,,,,,,,,,,,,,
Xbox Series X,Subnautica: Below Zero,"May 14, 2021",83,7.7,"['Action Adventure', 'Adventure', 'General', 'Sandbox']",,,,1,,1,,,,,,,,,,,,,,,,,,1,,,,,,,,,,,,,,,,,,,,,,,1,,,,,,,,,,,,,,,,,,,,,,,,
Xbox Series X,Gears 5,"Nov 10, 2020",83,6.9,"['Action', 'Arcade', 'Shooter', 'Third-Person']",,,1,,,,1,,,,,,,,,,,,,,,,,,,,,,,,,,,,,,,,,,,,,,,,,,1,,,,,,,,,,,,,,,1,,,,,,,
Xbox Series X,Resident Evil Village,"May  7, 2021",83,8.5,"['Action Adventure', 'Survival']",,,,1,,,,,,,,,,,,,,,,,,,,,,,,,,,,,,,,,,,,,,,,,,,,,,,,,,,,,,,1,,,,,,,,,,,,
Xbox Series X,Just Dance 2022,"Nov  4, 2021",83,8.3,"['Action', 'Dancing', 'Rhythm']",,,1,,,,,,,,,,,,,,,1,,,,,,,,,,,,,,,,,,,,,,,,,,1,,,,,,,,,,,,,,,,,,,,,,,,,,,
Xbox Series X,Oddworld: Soulstorm Enhanced Edition,"Nov 30, 2021",83,7.8,"['Action Adventure', 'General']",,,,1,,,,,,,,,,,,,,,,,,,,1,,,,,,,,,,,,,,,,,,,,,,,,,,,,,,,,,,,,,,,,,,,,,,,
Xbox Series X,Crusader Kings III: Console Edition,"Mar 29, 2022",83,3.3,"['General', 'Real-Time', 'Strategy']",,,,,,,,,,,,,,,,,,,,,,,,1,,,,,,,,,,,,,,,,,,,1,,,,,,,,,,,,,,,1,,,,,,,,,,,,,
Xbox Series X,The Elder Scrolls V: Skyrim Anniversary Edition,"Nov 11, 2021",82,3.8,"['Role-Playing', 'Western-Style']",,,,,,,,,,,,,,,,,,,,,,,,,,,,,,,,,,,,,,,,,,,,,1,,,,,,,,,,,,,,,,,,,,,,,,,1,
Xbox Series X,Gears Tactics,"Nov 10, 2020",82,7.5,"['Strategy', 'Tactics', 'Turn-Based']",,,,,,,,,,,,,,,,,,,,,,,,,,,,,,,,,,,,,,,,,,,,,,,,,,,,,,,,,,1,,,1,,,,,1,,,,,
Xbox Series X,Demon Slayer: Kimetsu no Yaiba - The Hinokami Chronicles,"Oct 13, 2021",82,5.5,"['3D', 'Action', 'Fighting']",,1,1,,,,,,,,,,,,,,,,1,,,,,,,,,,,,,,,,,,,,,,,,,,,,,,,,,,,,,,,,,,,,,,,,,,,,
Xbox Series X,Knockout City,"May 21, 2021",82,7.3,"['Other', 'Sports', 'Team']",,,,,,,,,,,,,,,,,,,,,,,,,,,,,,,,,,,,,,1,,,,,,,,,,,,,,,,,,1,,,,,,1,,,,,,,,,
Xbox Series X,Gears 5: Hivebusters,"Dec 15, 2020",82,7.7,"['Action', 'Arcade', 'Shooter', 'Third-Person']",,,1,,,,1,,,,,,,,,,,,,,,,,,,,,,,,,,,,,,,,,,,,,,,,,,1,,,,,,,,,,,,,,,1,,,,,,,
Xbox Series X,Infernax,"Feb 14, 2022",81,7.0,"['Action', 'Action Adventure', 'Metroidvania', 'Open-World', 'Platformer']",,,1,1,,,,,,,,,,,,,,,,,,,,,,,,,,,,,1,,,,1,,,1,,,,,,,,,,,,,,,,,,,,,,,,,,,,,,,
Xbox Series X,Watch Dogs: Legion - Bloodline,"Jul  6, 2021",81,7.4,"['Action Adventure', 'Open-World']",,,,1,,,,,,,,,,,,,,,,,,,,,,,,,,,,,,,,,1,,,,,,,,,,,,,,,,,,,,,,,,,,,,,,,,,,
Xbox Series X,MLB The Show 21,"Apr 16, 2021",81,6.9,"['Baseball', 'Sim', 'Sports', 'Team']",,,,,,,,,1,,,,,,,,,,,,,,,,,,,,,,,,,,,,,,,,,,,,,,,,,1,,,,,,1,,,,,,1,,,,,,,,,
Xbox Series X,Crash Drive 3,"Jul  8, 2021",81,tbd,"['Arcade', 'Automobile', 'Racing']",,,,,,,1,1,,,,,,,,,,,,,,,,,,,,,,,,,,,,,,,,,,1,,,,,,,,,,,,,,,,,,,,,,,,,,,,,
Xbox Series X,The Jackbox Party Pack 8,"Oct 14, 2021",81,tbd,"['Miscellaneous', 'Party / Minigame']",,,,,,,,,,,,,,,,,,,,,,,,,,,,,,,,,,1,,,,,1,,,,,,,,,,,,,,,,,,,,,,,,,,,,,,,,
Xbox Series X,DIRT 5,"Nov 10, 2020",81,6.2,"['Automobile', 'Racing', 'Simulation']",,,,,,,,1,,,,,,,,,,,,,,,,,,,,,,,,,,,,,,,,,,1,,,,,,,,,1,,,,,,,,,,,,,,,,,,,,
Xbox Series X,LEGO Star Wars: The Skywalker Saga,"Apr  5, 2022",81,8.6,"['Action Adventure', 'General']",,,,1,,,,,,,,,,,,,,,,,,,,1,,,,,,,,,,,,,,,,,,,,,,,,,,,,,,,,,,,,,,,,,,,,,,,
Xbox Series X,Metro Exodus: Complete Edition,"Jun 18, 2021",81,8.4,"['Action', 'Arcade', 'First-Person', 'Shooter']",,,1,,,,1,,,,,,,,,,,,,1,,,,,,,,,,,,,,,,,,,,,,,,,,,,,1,,,,,,,,,,,,,,,,,,,,,,
Xbox Series X,Chivalry 2,"Jun  8, 2021",81,6.0,"['3D', 'Action', ""Beat-'Em-Up""]",,1,1,,,,,,,,1,,,,,,,,,,,,,,,,,,,,,,,,,,,,,,,,,,,,,,,,,,,,,,,,,,,,,,,,,,,,
Xbox Series X,Immortals Fenyx Rising,"Dec  3, 2020",81,7.7,"['Action Adventure', 'Open-World']",,,,1,,,,,,,,,,,,,,,,,,,,,,,,,,,,,,,,,1,,,,,,,,,,,,,,,,,,,,,,,,,,,,,,,,,,
Xbox Series X,WRC 10 The Official Game,"Sep  2, 2021",80,6.1,"['Automobile', 'Racing', 'Simulation']",,,,,,,,1,,,,,,,,,,,,,,,,,,,,,,,,,,,,,,,,,,1,,,,,,,,,1,,,,,,,,,,,,,,,,,,,,
Xbox Series X,Alan Wake Remastered,"Oct  5, 2021",80,7.9,"['Action Adventure', 'Survival']",,,,1,,,,,,,,,,,,,,,,,,,,,,,,,,,,,,,,,,,,,,,,,,,,,,,,,,,,,,,1,,,,,,,,,,,,
Xbox Series X,Puyo Puyo Tetris 2,"Dec  8, 2020",80,7.0,"['Matching', 'Puzzle']",,,,,,,,,,,,,,,,,,,,,,,,,,,,,,,,1,,,,,,,,,1,,,,,,,,,,,,,,,,,,,,,,,,,,,,,,
Xbox Series X,Lacuna - A Sci-Fi Noir Adventure,"Dec 21, 2021",80,tbd,"['Adventure', 'General']",,,,,,1,,,,,,,,,,,,,,,,,,1,,,,,,,,,,,,,,,,,,,,,,,,,,,,,,,,,,,,,,,,,,,,,,,
Xbox Series X,The Artful Escape,"Sep  9, 2021",80,7.6,"['2D', 'Action', 'Adventure', 'General', 'Platformer']",1,,1,,,1,,,,,,,,,,,,,,,,,,1,,,,,,,,,,,,,,,,1,,,,,,,,,,,,,,,,,,,,,,,,,,,,,,,
Xbox Series X,art of rally,"Aug 12, 2021",80,7.0,"['Arcade', 'Automobile', 'Racing']",,,,,,,1,1,,,,,,,,,,,,,,,,,,,,,,,,,,,,,,,,,,1,,,,,,,,,,,,,,,,,,,,,,,,,,,,,
Xbox Series X,FAR: Changing Tides,"Mar  1, 2022",80,6.8,"['Action Adventure', 'Linear']",,,,1,,,,,,,,,,,,,,,,,,,,,,,,,,1,,,,,,,,,,,,,,,,,,,,,,,,,,,,,,,,,,,,,,,,,
Xbox Series X,NBA 2K21,"Nov 10, 2020",80,4.4,"['Arcade', 'Basketball', 'Sports', 'Team']",,,,,,,1,,,1,,,,,,,,,,,,,,,,,,,,,,,,,,,,,,,,,,,,,,,,,,,,,,1,,,,,,1,,,,,,,,,
Xbox Series X,Diablo II: Resurrected,"Sep 23, 2021",80,3.6,"['Action RPG', 'Role-Playing']",,,,,1,,,,,,,,,,,,,,,,,,,,,,,,,,,,,,,,,,,,,,,,1,,,,,,,,,,,,,,,,,,,,,,,,,,
Xbox Series X,The Riftbreaker,"Oct 14, 2021",80,6.9,"['Action RPG', 'Role-Playing']",,,,,1,,,,,,,,,,,,,,,,,,,,,,,,,,,,,,,,,,,,,,,,1,,,,,,,,,,,,,,,,,,,,,,,,,,
Xbox Series X,Eldest Souls,"Jul 29, 2021",80,tbd,"['Action Adventure', 'Action RPG', 'General', 'Role-Playing']",,,,1,1,,,,,,,,,,,,,,,,,,,1,,,,,,,,,,,,,,,,,,,,,1,,,,,,,,,,,,,,,,,,,,,,,,,,
Xbox Series X,Lost Judgment,"Sep 24, 2021",80,8.2,"['Action Adventure', 'Open-World']",,,,1,,,,,,,,,,,,,,,,,,,,,,,,,,,,,,,,,1,,,,,,,,,,,,,,,,,,,,,,,,,,,,,,,,,,
Xbox Series X,The King of Fighters XV,"Feb 14, 2022",79,5.9,"['2D', 'Action', 'Fighting']",1,,1,,,,,,,,,,,,,,,,1,,,,,,,,,,,,,,,,,,,,,,,,,,,,,,,,,,,,,,,,,,,,,,,,,,,,
Xbox Series X,Far Cry 6,"Oct  7, 2021",79,5.1,"['Action Adventure', 'Open-World']",,,,1,,,,,,,,,,,,,,,,,,,,,,,,,,,,,,,,,1,,,,,,,,,,,,,,,,,,,,,,,,,,,,,,,,,,
Xbox Series X,Tormented Souls,"Sep  7, 2021",79,7.9,"['Action Adventure', 'Survival']",,,,1,,,,,,,,,,,,,,,,,,,,,,,,,,,,,,,,,,,,,,,,,,,,,,,,,,,,,,,1,,,,,,,,,,,,
Xbox Series X,A Juggler's Tale,"Sep 29, 2021",79,7.2,"['2D', 'Action', 'Adventure', 'General', 'Platformer']",1,,1,,,1,,,,,,,,,,,,,,,,,,1,,,,,,,,,,,,,,,,1,,,,,,,,,,,,,,,,,,,,,,,,,,,,,,,
Xbox Series X,Evil Genius 2: World Domination,"Nov 30, 2021",79,6.6,"['General', 'Real-Time', 'Strategy']",,,,,,,,,,,,,,,,,,,,,,,,1,,,,,,,,,,,,,,,,,,,1,,,,,,,,,,,,,,,1,,,,,,,,,,,,,
Xbox Series X,Riders Republic,"Oct 28, 2021",79,5.8,"['Individual', 'Other', 'Sports']",,,,,,,,,,,,,,,,,,,,,,,,,,,,1,,,,,,,,,,1,,,,,,,,,,,,,,,,,,1,,,,,,,,,,,,,,,
Xbox Series X,Cris Tales,"Jul 20, 2021",79,7.5,"['Japanese-Style', 'Role-Playing']",,,,,,,,,,,,,,,,,,,,,,,,,,,,,1,,,,,,,,,,,,,,,,1,,,,,,,,,,,,,,,,,,,,,,,,,,
Xbox Series X,Nobody Saves the World,"Jan 18, 2022",79,8.1,"['Action RPG', 'Role-Playing']",,,,,1,,,,,,,,,,,,,,,,,,,,,,,,,,,,,,,,,,,,,,,,1,,,,,,,,,,,,,,,,,,,,,,,,,,
Xbox Series X,MLB The Show 22,"Apr  1, 2022",80,5.6,"['Baseball', 'Sim', 'Sports', 'Team']",,,,,,,,,1,,,,,,,,,,,,,,,,,,,,,,,,,,,,,,,,,,,,,,,,,1,,,,,,1,,,,,,1,,,,,,,,,
Xbox Series X,Observer: System Redux,"Nov 10, 2020",79,7.1,"['3D', 'Adventure', 'First-Person']",,1,,,,1,,,,,,,,,,,,,,1,,,,,,,,,,,,,,,,,,,,,,,,,,,,,,,,,,,,,,,,,,,,,,,,,,,
Xbox Series X,Grand Theft Auto V,"Mar 15, 2022",79,3.6,"['Action Adventure', 'Open-World']",,,,1,,,,,,,,,,,,,,,,,,,,,,,,,,,,,,,,,1,,,,,,,,,,,,,,,,,,,,,,,,,,,,,,,,,,
Xbox Series X,Lemnis Gate,"Sep 28, 2021",78,4.0,"['Action', 'Arcade', 'First-Person', 'Shooter']",,,1,,,,1,,,,,,,,,,,,,1,,,,,,,,,,,,,,,,,,,,,,,,,,,,,1,,,,,,,,,,,,,,,,,,,,,,
Xbox Series X,Road 96,"Apr 14, 2022",74,6.7,"['3D', 'Adventure', 'First-Person']",,1,,,,1,,,,,,,,,,,,,,1,,,,,,,,,,,,,,,,,,,,,,,,,,,,,,,,,,,,,,,,,,,,,,,,,,,
Xbox Series X,Iron Harvest Complete Edition,"Oct 26, 2021",78,tbd,"['Command', 'Real-Time', 'Strategy']",,,,,,,,,,,,,,,,1,,,,,,,,,,,,,,,,,,,,,,,,,,,1,,,,,,,,,,,,,,,1,,,,,,,,,,,,,
Xbox Series X,R-Type Final 2,"Apr 30, 2021",78,5.9,"['Action', 'Horizontal', ""Shoot-'Em-Up"", 'Shooter']",,,1,,,,,,,,,,,,,,,,,,,,,,1,,,,,,,,,,,,,,,,,,,,,,,1,1,,,,,,,,,,,,,,,,,,,,,,
Xbox Series X,Football Manager 2021,"Nov 30, 2020",78,7.4,"['Management', 'Soccer', 'Sports', 'Team']",,,,,,,,,,,,,,,,,,,,,,,,,,,,,,,1,,,,,,,,,,,,,,,,,,,,,,,1,,1,,,,,,1,,,,,,,,,
Xbox Series X,Moonglow Bay,"Oct  7, 2021",78,4.4,"['Business / Tycoon', 'General', 'Management', 'Strategy']",,,,,,,,,,,,1,,,,,,,,,,,,1,,,,,,,1,,,,,,,,,,,,,,,,,,,,,,,,,,,1,,,,,,,,,,,,,
Xbox Series X,FIFA 22,"Sep 27, 2021",78,2.7,"['Sim', 'Soccer', 'Sports', 'Team']",,,,,,,,,,,,,,,,,,,,,,,,,,,,,,,,,,,,,,,,,,,,,,,,,,1,,,,1,,1,,,,,,1,,,,,,,,,
Xbox Series X,Haven,"Dec  3, 2020",78,7.5,"['Adventure', 'General']",,,,,,1,,,,,,,,,,,,,,,,,,1,,,,,,,,,,,,,,,,,,,,,,,,,,,,,,,,,,,,,,,,,,,,,,,
Xbox Series X,WWE 2K22,"Mar  8, 2022",78,6.4,"['Combat', 'Individual', 'Sports', 'Wrestling']",,,,,,,,,,,,,,,1,,,,,,,,,,,,,1,,,,,,,,,,,,,,,,,,,,,,,,,,,,1,,,,,,,,,,,,,,,1
Xbox Series X,Chorus,"Dec  3, 2021",78,7.7,"['Combat', 'Simulation', 'Space']",,,,,,,,,,,,,,,1,,,,,,,,,,,,,,,,,,,,,,,,,,,,,,,,,,,,1,,,,1,,,,,,,,,,,,,,,,
Xbox Series X,In Sound Mind,"Sep 28, 2021",78,tbd,"['3D', 'Adventure', 'First-Person']",,1,,,,1,,,,,,,,,,,,,,1,,,,,,,,,,,,,,,,,,,,,,,,,,,,,,,,,,,,,,,,,,,,,,,,,,,
Xbox Series X,Shadow Warrior 3,"Mar  1, 2022",78,5.5,"['Action', 'Arcade', 'First-Person', 'Shooter']",,,1,,,,1,,,,,,,,,,,,,1,,,,,,,,,,,,,,,,,,,,,,,,,,,,,1,,,,,,,,,,,,,,,,,,,,,,
Xbox Series X,WRC 9 FIA World Rally Championship,"Sep  4, 2020",78,6.7,"['Automobile', 'Racing', 'Simulation']",,,,,,,,1,,,,,,,,,,,,,,,,,,,,,,,,,,,,,,,,,,1,,,,,,,,,1,,,,,,,,,,,,,,,,,,,,
Xbox Series X,Taiko no Tatsujin: The Drum Master!,"Jan 27, 2022",78,8.0,"['Action', 'Music', 'Rhythm']",,,1,,,,,,,,,,,,,,,,,,,,,,,,,,,,,,,,1,,,,,,,,,1,,,,,,,,,,,,,,,,,,,,,,,,,,,
Xbox Series X,Exo One,"Nov 18, 2021",77,6.9,"['Adventure', 'Civilian', 'General', 'Simulation', 'Space']",,,,,,1,,,,,,,,1,,,,,,,,,,1,,,,,,,,,,,,,,,,,,,,,,,,,,,1,,,,1,,,,,,,,,,,,,,,,
Xbox Series X,Scarlet Nexus,"Jun 25, 2021",77,7.9,"['Action Adventure', 'Action RPG', 'Open-World', 'Role-Playing']",,,,1,1,,,,,,,,,,,,,,,,,,,,,,,,,,,,,,,,1,,,,,,,,1,,,,,,,,,,,,,,,,,,,,,,,,,,
Xbox Series X,Samurai Shodown: Special Edition,"Mar 16, 2021",77,tbd,"['2D', 'Action', 'Fighting']",1,,1,,,,,,,,,,,,,,,,1,,,,,,,,,,,,,,,,,,,,,,,,,,,,,,,,,,,,,,,,,,,,,,,,,,,,
Xbox Series X,Submerged: Hidden Depths,"Mar 10, 2022",75,tbd,"['3D', 'Adventure', 'Third-Person']",,1,,,,1,,,,,,,,,,,,,,,,,,,,,,,,,,,,,,,,,,,,,,,,,,,,,,,,,,,,,,,,,,1,,,,,,,
Xbox Series X,Super Monkey Ball: Banana Mania,"Oct  5, 2021",77,7.5,"['Compilation', 'Miscellaneous']",,,,,,,,,,,,,,,,,1,,,,,,,,,,,,,,,,,1,,,,,,,,,,,,,,,,,,,,,,,,,,,,,,,,,,,,,
Xbox Series X,Tiny Tina's Wonderlands,"Mar 25, 2022",77,6.6,"['Action', 'Arcade', 'First-Person', 'Shooter']",,,1,,,,1,,,,,,,,,,,,,1,,,,,,,,,,,,,,,,,,,,,,,,,,,,,1,,,,,,,,,,,,,,,,,,,,,,
Xbox Series X,Dying Light 2 Stay Human,"Feb  4, 2022",77,4.6,"['Action Adventure', 'Survival']",,,,1,,,,,,,,,,,,,,,,,,,,,,,,,,,,,,,,,,,,,,,,,,,,,,,,,,,,,,,1,,,,,,,,,,,,
Xbox Series X,MotoGP 21,"Apr 22, 2021",77,tbd,"['Automobile', 'Racing', 'Simulation']",,,,,,,,1,,,,,,,,,,,,,,,,,,,,,,,,,,,,,,,,,,1,,,,,,,,,1,,,,,,,,,,,,,,,,,,,,
Xbox Series X,The Sinking City,"Apr 28, 2021",77,8.0,"['Action Adventure', 'Survival']",,,,1,,,,,,,,,,,,,,,,,,,,,,,,,,,,,,,,,,,,,,,,,,,,,,,,,,,,,,,1,,,,,,,,,,,,
Xbox Series X,Paint the Town Red,"Jul 29, 2021",77,tbd,"['3D', 'Action', ""Beat-'Em-Up"", 'General']",,1,1,,,,,,,,1,,,,,,,,,,,,,1,,,,,,,,,,,,,,,,,,,,,,,,,,,,,,,,,,,,,,,,,,,,,,,
Xbox Series X,Call of Duty: Black Ops Cold War,"Nov 13, 2020",76,3.5,"['Action', 'First-Person', 'Shooter', 'Tactical']",,,1,,,,,,,,,,,,,,,,,1,,,,,,,,,,,,,,,,,,,,,,,,,,,,,1,,,,,,,,,,,1,,,,,,,,,,,
Xbox Series X,NBA 2K22,"Sep 10, 2021",76,4.3,"['Basketball', 'Sim', 'Sports', 'Team']",,,,,,,,,,1,,,,,,,,,,,,,,,,,,,,,,,,,,,,,,,,,,,,,,,,1,,,,,,1,,,,,,1,,,,,,,,,
Xbox Series X,Beyond A Steel Sky,"Dec 14, 2021",76,tbd,"['3D', 'Action Adventure', 'Adventure', 'Open-World', 'Third-Person']",,1,,1,,1,,,,,,,,,,,,,,,,,,,,,,,,,,,,,,,1,,,,,,,,,,,,,,,,,,,,,,,,,,,1,,,,,,,
Xbox Series X,Warhammer: Chaosbane,"Nov 10, 2020",76,6.3,"['Action RPG', 'Role-Playing']",,,,,1,,,,,,,,,,,,,,,,,,,,,,,,,,,,,,,,,,,,,,,,1,,,,,,,,,,,,,,,,,,,,,,,,,,
Xbox Series X,Sherlock Holmes: Chapter One,"Nov 16, 2021",75,6.7,"['Action Adventure', 'Adventure', 'General', 'Open-World']",,,,1,,1,,,,,,,,,,,,,,,,,,1,,,,,,,,,,,,,1,,,,,,,,,,,,,,,,,,,,,,,,,,,,,,,,,,
Xbox Series X,Demon Turf,"Nov  4, 2021",75,tbd,"['3D', 'Action', 'Platformer']",,1,1,,,,,,,,,,,,,,,,,,,,,,,,,,,,,,,,,,,,,1,,,,,,,,,,,,,,,,,,,,,,,,,,,,,,,
Xbox Series X,Call of the Sea,"Dec  8, 2020",75,7.4,"['3D', 'Adventure', 'First-Person']",,1,,,,1,,,,,,,,,,,,,,1,,,,,,,,,,,,,,,,,,,,,,,,,,,,,,,,,,,,,,,,,,,,,,,,,,,
Xbox Series X,Operation: Tango,"Jul  1, 2021",75,tbd,"['Action Adventure', 'Linear']",,,,1,,,,,,,,,,,,,,,,,,,,,,,,,,1,,,,,,,,,,,,,,,,,,,,,,,,,,,,,,,,,,,,,,,,,
Xbox Series X,Curved Space,"Jun 29, 2021",75,tbd,"['Action', ""Shoot-'Em-Up"", 'Shooter', 'Top-Down']",,,1,,,,,,,,,,,,,,,,,,,,,,,,,,,,,,,,,,,,,,,,,,,,,1,1,,,,,,,,,,,,,,,,1,,,,,,
Xbox Series X,MXGP 2021 - The Official Motocross Videogame,"Nov 30, 2021",75,tbd,"['Arcade', 'Automobile', 'Racing']",,,,,,,1,1,,,,,,,,,,,,,,,,,,,,,,,,,,,,,,,,,,1,,,,,,,,,,,,,,,,,,,,,,,,,,,,,
Xbox Series X,Agent Intercept,"Mar 30, 2022",75,tbd,"['Arcade', 'Automobile', 'Racing']",,,,,,,1,1,,,,,,,,,,,,,,,,,,,,,,,,,,,,,,,,,,1,,,,,,,,,,,,,,,,,,,,,,,,,,,,,
Xbox Series X,Echo Generation,"Oct 21, 2021",75,7.6,"['General', 'Strategy', 'Turn-Based']",,,,,,,,,,,,,,,,,,,,,,,,1,,,,,,,,,,,,,,,,,,,,,,,,,,,,,,,,,,1,,,,,,,,1,,,,,
Xbox Series X,RiMS Racing,"Aug 24, 2021",75,6.8,"['Arcade', 'Automobile', 'Racing']",,,,,,,1,1,,,,,,,,,,,,,,,,,,,,,,,,,,,,,,,,,,1,,,,,,,,,,,,,,,,,,,,,,,,,,,,,
Xbox Series X,Monster Energy Supercross - The Official Videogame 5,"Mar 14, 2022",74,1.8,"['Arcade', 'Automobile', 'Racing', 'Simulation']",,,,,,,1,1,,,,,,,,,,,,,,,,,,,,,,,,,,,,,,,,,,1,,,,,,,,,1,,,,,,,,,,,,,,,,,,,,
Xbox Series X,FIFA 21,"Dec  4, 2020",74,1.4,"['Sim', 'Soccer', 'Sports', 'Team']",,,,,,,,,,,,,,,,,,,,,,,,,,,,,,,,,,,,,,,,,,,,,,,,,,1,,,,1,,1,,,,,,1,,,,,,,,,
Xbox Series X,Aragami 2,"Sep 17, 2021",74,4.7,"['Action Adventure', 'General']",,,,1,,,,,,,,,,,,,,,,,,,,1,,,,,,,,,,,,,,,,,,,,,,,,,,,,,,,,,,,,,,,,,,,,,,,
Xbox Series X,Call of Duty: Vanguard,"Nov  5, 2021",74,4.7,"['Action', 'First-Person', 'Shooter', 'Tactical']",,,1,,,,,,,,,,,,,,,,,1,,,,,,,,,,,,,,,,,,,,,,,,,,,,,1,,,,,,,,,,,1,,,,,,,,,,,
Xbox Series X,Watch Dogs: Legion,"Nov 10, 2020",74,6.2,"['Action Adventure', 'Open-World']",,,,1,,,,,,,,,,,,,,,,,,,,,,,,,,,,,,,,,1,,,,,,,,,,,,,,,,,,,,,,,,,,,,,,,,,,
Xbox Series X,The Big Con,"Aug 31, 2021",74,tbd,"['Adventure', 'General']",,,,,,1,,,,,,,,,,,,,,,,,,1,,,,,,,,,,,,,,,,,,,,,,,,,,,,,,,,,,,,,,,,,,,,,,,
Xbox Series X,Lost in Random,"Sep 10, 2021",74,8.0,"['Action Adventure', 'General']",,,,1,,,,,,,,,,,,,,,,,,,,1,,,,,,,,,,,,,,,,,,,,,,,,,,,,,,,,,,,,,,,,,,,,,,,
Xbox Series X,Assassin's Creed Valhalla: Dawn of Ragnarok,"Mar 10, 2022",74,8.0,"['Action Adventure', 'Open-World']",,,,1,,,,,,,,,,,,,,,,,,,,,,,,,,,,,,,,,1,,,,,,,,,,,,,,,,,,,,,,,,,,,,,,,,,,
Xbox Series X,Back 4 Blood,"Oct  7, 2021",74,6.3,"['Action', 'Arcade', 'First-Person', 'Shooter']",,,1,,,,1,,,,,,,,,,,,,1,,,,,,,,,,,,,,,,,,,,,,,,,,,,,1,,,,,,,,,,,,,,,,,,,,,,
Xbox Series X,Sniper Ghost Warrior Contracts 2,"Jun  4, 2021",74,7.2,"['Action', 'First-Person', 'Shooter', 'Tactical']",,,1,,,,,,,,,,,,,,,,,1,,,,,,,,,,,,,,,,,,,,,,,,,,,,,1,,,,,,,,,,,1,,,,,,,,,,,
Xbox Series X,White Shadows,"Dec  7, 2021",74,5.4,"['2D', 'Action', 'Platformer']",1,,1,,,,,,,,,,,,,,,,,,,,,,,,,,,,,,,,,,,,,1,,,,,,,,,,,,,,,,,,,,,,,,,,,,,,,
Xbox Series X,The Dark Pictures Anthology: House of Ashes,"Oct 22, 2021",74,8.0,"['Action Adventure', 'Survival']",,,,1,,,,,,,,,,,,,,,,,,,,,,,,,,,,,,,,,,,,,,,,,,,,,,,,,,,,,,,1,,,,,,,,,,,,
Xbox Series X,Song of Iron,"Aug 31, 2021",74,7.0,"['Action Adventure', 'General']",,,,1,,,,,,,,,,,,,,,,,,,,1,,,,,,,,,,,,,,,,,,,,,,,,,,,,,,,,,,,,,,,,,,,,,,,
Xbox Series X,NHL 22,"Oct 12, 2021",74,4.5,"['Ice Hockey', 'Sim', 'Sports', 'Team']",,,,,,,,,,,,,,,,,,,,,,,,,,,1,,,,,,,,,,,,,,,,,,,,,,,1,,,,,,1,,,,,,1,,,,,,,,,
Xbox Series X,Jurassic World Evolution 2,"Nov  9, 2021",74,6.3,"['Business / Tycoon', 'Management', 'Strategy']",,,,,,,,,,,,1,,,,,,,,,,,,,,,,,,,1,,,,,,,,,,,,,,,,,,,,,,,,,,,1,,,,,,,,,,,,,
Xbox Series X,MechWarrior 5: Mercenaries,"May 27, 2021",74,6.3,"['Combat', 'Simulation', 'Vehicle']",,,,,,,,,,,,,,,1,,,,,,,,,,,,,,,,,,,,,,,,,,,,,,,,,,,,1,,,,,,,,,,,,,,,,1,,,,
Xbox Series X,Outriders,"Apr  1, 2021",73,7.1,"['Action', 'Arcade', 'Shooter', 'Third-Person']",,,1,,,,1,,,,,,,,,,,,,,,,,,,,,,,,,,,,,,,,,,,,,,,,,,1,,,,,,,,,,,,,,,1,,,,,,,
Xbox Series X,Assassin's Creed Valhalla: Wrath of the Druids,"May 13, 2021",73,7.4,"['Action Adventure', 'Open-World']",,,,1,,,,,,,,,,,,,,,,,,,,,,,,,,,,,,,,,1,,,,,,,,,,,,,,,,,,,,,,,,,,,,,,,,,,
Xbox Series X,GRID Legends,"Feb 25, 2022",73,6.3,"['Arcade', 'Automobile', 'Racing']",,,,,,,1,1,,,,,,,,,,,,,,,,,,,,,,,,,,,,,,,,,,1,,,,,,,,,,,,,,,,,,,,,,,,,,,,,
Xbox Series X,Farming Simulator 22,"Nov 22, 2021",73,6.5,"['General', 'Simulation']",,,,,,,,,,,,,,,,,,,,,,,,1,,,,,,,,,,,,,,,,,,,,,,,,,,,1,,,,,,,,,,,,,,,,,,,,
Xbox Series X,Lawn Mowing Simulator,"Aug 10, 2021",72,tbd,"['Career', 'Simulation', 'Virtual']",,,,,,,,,,,,,1,,,,,,,,,,,,,,,,,,,,,,,,,,,,,,,,,,,,,,1,,,,,,,,,,,,,,,,,1,,,
Xbox Series X,Monster Truck Championship,"Mar 16, 2021",72,4.6,"['Civilian', 'Simulation', 'Vehicle']",,,,,,,,,,,,,,1,,,,,,,,,,,,,,,,,,,,,,,,,,,,,,,,,,,,,1,,,,,,,,,,,,,,,,1,,,,
Xbox Series X,Hot Wheels Unleashed,"Sep 27, 2021",72,7.8,"['Arcade', 'Automobile', 'Racing']",,,,,,,1,1,,,,,,,,,,,,,,,,,,,,,,,,,,,,,,,,,,1,,,,,,,,,,,,,,,,,,,,,,,,,,,,,
Xbox Series X,Twelve Minutes,"Aug 19, 2021",72,5.7,"['Adventure', 'General']",,,,,,1,,,,,,,,,,,,,,,,,,1,,,,,,,,,,,,,,,,,,,,,,,,,,,,,,,,,,,,,,,,,,,,,,,
Xbox Series X,Wreckfest,"Jun  1, 2021",72,6.8,"['Arcade', 'Automobile', 'Racing']",,,,,,,1,1,,,,,,,,,,,,,,,,,,,,,,,,,,,,,,,,,,1,,,,,,,,,,,,,,,,,,,,,,,,,,,,,
Xbox Series X,Tom Clancy's Rainbow Six Extraction,"Jan 20, 2022",71,6.0,"['Action', 'First-Person', 'Shooter', 'Tactical']",,,1,,,,,,,,,,,,,,,,,1,,,,,,,,,,,,,,,,,,,,,,,,,,,,,1,,,,,,,,,,,1,,,,,,,,,,,
Xbox Series X,Button City,"Aug 10, 2021",71,tbd,"['Adventure', 'General']",,,,,,1,,,,,,,,,,,,,,,,,,1,,,,,,,,,,,,,,,,,,,,,,,,,,,,,,,,,,,,,,,,,,,,,,,
Xbox Series X,Worms Rumble,"Jun 23, 2021",71,tbd,"['General', 'Real-Time', 'Strategy']",,,,,,,,,,,,,,,,,,,,,,,,1,,,,,,,,,,,,,,,,,,,1,,,,,,,,,,,,,,,1,,,,,,,,,,,,,
Xbox Series X,Lake,"Sep  1, 2021",71,6.6,"['Adventure', 'General']",,,,,,1,,,,,,,,,,,,,,,,,,1,,,,,,,,,,,,,,,,,,,,,,,,,,,,,,,,,,,,,,,,,,,,,,,
Xbox Series X,The Medium,"Jan 28, 2021",71,7.3,"['Action Adventure', 'Survival']",,,,1,,,,,,,,,,,,,,,,,,,,,,,,,,,,,,,,,,,,,,,,,,,,,,,,,,,,,,,1,,,,,,,,,,,,
Xbox Series X,Sable,"Sep 23, 2021",71,6.3,"['Action', 'Action Adventure', 'General', 'Open-World']",,,1,1,,,,,,,,,,,,,,,,,,,,1,,,,,,,,,,,,,1,,,,,,,,,,,,,,,,,,,,,,,,,,,,,,,,,,
Xbox Series X,Destiny 2: Beyond Light,"Nov 10, 2020",71,5.9,"['Action', 'Arcade', 'First-Person', 'Shooter']",,,1,,,,1,,,,,,,,,,,,,1,,,,,,,,,,,,,,,,,,,,,,,,,,,,,1,,,,,,,,,,,,,,,,,,,,,,
Xbox Series X,Nickelodeon All-Star Brawl,"Oct  5, 2021",71,6.9,"['2D', 'Action', 'Fighting', 'Miscellaneous', 'Party / Minigame']",1,,1,,,,,,,,,,,,,,,,1,,,,,,,,,,,,,,,1,,,,,1,,,,,,,,,,,,,,,,,,,,,,,,,,,,,,,,
Xbox Series X,Boyfriend Dungeon,"Aug 11, 2021",70,5.2,"['Action RPG', 'Role-Playing']",,,,,1,,,,,,,,,,,,,,,,,,,,,,,,,,,,,,,,,,,,,,,,1,,,,,,,,,,,,,,,,,,,,,,,,,,
Xbox Series X,ELEX II,"Mar  1, 2022",70,7.1,"['Role-Playing', 'Western-Style']",,,,,,,,,,,,,,,,,,,,,,,,,,,,,,,,,,,,,,,,,,,,,1,,,,,,,,,,,,,,,,,,,,,,,,,1,
Xbox Series X,Immortals Fenyx Rising: A New God,"Jan 28, 2021",70,tbd,"['Action Adventure', 'Open-World']",,,,1,,,,,,,,,,,,,,,,,,,,,,,,,,,,,,,,,1,,,,,,,,,,,,,,,,,,,,,,,,,,,,,,,,,,
Xbox Series X,Madden NFL 22,"Aug 17, 2021",70,0.6,"['Football', 'Sim', 'Sports', 'Team']",,,,,,,,,,,,,,,,,,,,,,1,,,,,,,,,,,,,,,,,,,,,,,,,,,,1,,,,,,1,,,,,,1,,,,,,,,,
Xbox Series X,The Gunk,"Dec 16, 2021",70,6.8,"['3D', 'Action', 'Platformer']",,1,1,,,,,,,,,,,,,,,,,,,,,,,,,,,,,,,,,,,,,1,,,,,,,,,,,,,,,,,,,,,,,,,,,,,,,
Xbox Series X,Aliens: Fireteam Elite,"Aug 24, 2021",70,6.9,"['Action', 'Shooter', 'Tactical', 'Third-Person']",,,1,,,,,,,,,,,,,,,,,,,,,,,,,,,,,,,,,,,,,,,,,,,,,,1,,,,,,,,,,,1,,,,1,,,,,,,
Xbox Series X,Assassin's Creed Valhalla: The Siege of Paris,"Aug 12, 2021",69,6.5,"['Action Adventure', 'Open-World']",,,,1,,,,,,,,,,,,,,,,,,,,,,,,,,,,,,,,,1,,,,,,,,,,,,,,,,,,,,,,,,,,,,,,,,,,
Xbox Series X,Cannibal Cuisine,"Jan 25, 2022",69,tbd,"['Miscellaneous', 'Party / Minigame']",,,,,,,,,,,,,,,,,,,,,,,,,,,,,,,,,,1,,,,,1,,,,,,,,,,,,,,,,,,,,,,,,,,,,,,,,
Xbox Series X,Last Stop,"Jul 22, 2021",69,6.9,"['3D', 'Adventure', 'Third-Person']",,1,,,,1,,,,,,,,,,,,,,,,,,,,,,,,,,,,,,,,,,,,,,,,,,,,,,,,,,,,,,,,,,1,,,,,,,
Xbox Series X,I Am Fish,"Sep 16, 2021",68,5.6,"['3D', 'Action', 'General', 'Platformer']",,1,1,,,,,,,,,,,,,,,,,,,,,1,,,,,,,,,,,,,,,,1,,,,,,,,,,,,,,,,,,,,,,,,,,,,,,,
Xbox Series X,Beat Souls,"Feb 16, 2022",68,tbd,"['Action', 'Music', 'Rhythm']",,,1,,,,,,,,,,,,,,,,,,,,,,,,,,,,,,,,1,,,,,,,,,1,,,,,,,,,,,,,,,,,,,,,,,,,,,
Xbox Series X,The Ascent,"Jul 29, 2021",68,7.9,"['Action Adventure', 'Action RPG', 'General', 'Role-Playing']",,,,1,1,,,,,,,,,,,,,,,,,,,1,,,,,,,,,,,,,,,,,,,,,1,,,,,,,,,,,,,,,,,,,,,,,,,,
Xbox Series X,Astria Ascending,"Sep 30, 2021",67,tbd,"['Japanese-Style', 'Role-Playing']",,,,,,,,,,,,,,,,,,,,,,,,,,,,,1,,,,,,,,,,,,,,,,1,,,,,,,,,,,,,,,,,,,,,,,,,,
Xbox Series X,Hunting Simulator 2,"Mar 23, 2021",66,tbd,"['Hunting', 'Individual', 'Nature', 'Sports']",,,,,,,,,,,,,,,,,,,,,,,,,,1,,1,,,,,,,,1,,,,,,,,,,,,,,,,,,,,1,,,,,,,,,,,,,,,
Xbox Series X,Summertime Madness,"Jan 26, 2022",66,tbd,"['3D', 'Adventure', 'First-Person']",,1,,,,1,,,,,,,,,,,,,,1,,,,,,,,,,,,,,,,,,,,,,,,,,,,,,,,,,,,,,,,,,,,,,,,,,,
Xbox Series X,Shredders,"Mar 17, 2022",66,6.1,"['Individual', 'Ski / Snowboard', 'Sports']",,,,,,,,,,,,,,,,,,,,,,,,,,,,1,,,,,,,,,,,,,,,,,,,,,,,,,1,,,1,,,,,,,,,,,,,,,
Xbox Series X,Stranger of Paradise: Final Fantasy Origin,"Mar 18, 2022",66,4.4,"['Action Adventure', 'Action RPG', 'Linear', 'Role-Playing']",,,,1,1,,,,,,,,,,,,,,,,,,,,,,,,,1,,,,,,,,,,,,,,,1,,,,,,,,,,,,,,,,,,,,,,,,,,
Xbox Series X,Spacebase Startopia,"Mar 26, 2021",66,tbd,"['Command', 'General', 'Real-Time', 'Strategy']",,,,,,,,,,,,,,,,1,,,,,,,,1,,,,,,,,,,,,,,,,,,,1,,,,,,,,,,,,,,,1,,,,,,,,,,,,,
Xbox Series X,The Falconeer,"Nov 10, 2020",65,5.1,"['Combat', 'Flight', 'Simulation']",,,,,,,,,,,,,,,1,,,,,,1,,,,,,,,,,,,,,,,,,,,,,,,,,,,,,1,,,,,,,,,,,,,,,,,,,,
Xbox Series X,Rover Mechanic Simulator,"Sep 22, 2021",65,tbd,"['Career', 'Simulation', 'Virtual']",,,,,,,,,,,,,1,,,,,,,,,,,,,,,,,,,,,,,,,,,,,,,,,,,,,,1,,,,,,,,,,,,,,,,,1,,,
Xbox Series X,Super Toy Cars Offroad,"Feb 18, 2022",65,tbd,"['Arcade', 'Automobile', 'Racing']",,,,,,,1,1,,,,,,,,,,,,,,,,,,,,,,,,,,,,,,,,,,1,,,,,,,,,,,,,,,,,,,,,,,,,,,,,
Xbox Series X,Martha is Dead,"Feb 24, 2022",64,7.4,"['3D', 'Adventure', 'First-Person']",,1,,,,1,,,,,,,,,,,,,,1,,,,,,,,,,,,,,,,,,,,,,,,,,,,,,,,,,,,,,,,,,,,,,,,,,,
Xbox Series X,Surgeon Simulator 2: Access All Areas,"Sep  2, 2021",64,0.8,"['Career', 'Simulation', 'Virtual']",,,,,,,,,,,,,1,,,,,,,,,,,,,,,,,,,,,,,,,,,,,,,,,,,,,,1,,,,,,,,,,,,,,,,,1,,,
Xbox Series X,Greak: Memories of Azur,"Aug 17, 2021",64,tbd,"['Action Adventure', 'General']",,,,1,,,,,,,,,,,,,,,,,,,,1,,,,,,,,,,,,,,,,,,,,,,,,,,,,,,,,,,,,,,,,,,,,,,,
Xbox Series X,Dynasty Warriors 9 Empires,"Feb 15, 2022",64,5.3,"['3D', 'Action', ""Beat-'Em-Up""]",,1,1,,,,,,,,1,,,,,,,,,,,,,,,,,,,,,,,,,,,,,,,,,,,,,,,,,,,,,,,,,,,,,,,,,,,,
Xbox Series X,Battlefield 2042,"Nov 12, 2021",64,2.2,"['Action', 'First-Person', 'Shooter', 'Tactical']",,,1,,,,,,,,,,,,,,,,,1,,,,,,,,,,,,,,,,,,,,,,,,,,,,,1,,,,,,,,,,,1,,,,,,,,,,,
Xbox Series X,Within the Blade,"Jul 16, 2021",63,tbd,"['2D', 'Action', 'Platformer']",1,,1,,,,,,,,,,,,,,,,,,,,,,,,,,,,,,,,,,,,,1,,,,,,,,,,,,,,,,,,,,,,,,,,,,,,,
Xbox Series X,Aztech: Forgotten Gods,"Mar 10, 2022",63,tbd,"['Action Adventure', 'General']",,,,1,,,,,,,,,,,,,,,,,,,,1,,,,,,,,,,,,,,,,,,,,,,,,,,,,,,,,,,,,,,,,,,,,,,,
Xbox Series X,Hood: Outlaws & Legends,"May  7, 2021",62,5.0,"['Action Adventure', 'General']",,,,1,,,,,,,,,,,,,,,,,,,,1,,,,,,,,,,,,,,,,,,,,,,,,,,,,,,,,,,,,,,,,,,,,,,,
Xbox Series X,Alchemic Cutie,"Jul 27, 2021",62,tbd,"['Action Adventure', 'General']",,,,1,,,,,,,,,,,,,,,,,,,,1,,,,,,,,,,,,,,,,,,,,,,,,,,,,,,,,,,,,,,,,,,,,,,,
Xbox Series X,Monster Energy Supercross - The Official Videogame 4,"Mar 11, 2021",61,5.5,"['Arcade', 'Automobile', 'Racing']",,,,,,,1,1,,,,,,,,,,,,,,,,,,,,,,,,,,,,,,,,,,1,,,,,,,,,,,,,,,,,,,,,,,,,,,,,
Xbox Series X,Fatal Frame: Maiden of Black Water,"Oct 28, 2021",60,7.7,"['Action Adventure', 'Survival']",,,,1,,,,,,,,,,,,,,,,,,,,,,,,,,,,,,,,,,,,,,,,,,,,,,,,,,,,,,,1,,,,,,,,,,,,
Xbox Series X,Morkredd,"Dec 10, 2020",60,5.7,"['Action', 'Puzzle']",,,1,,,,,,,,,,,,,,,,,,,,,,,,,,,,,,,,,,,,,,1,,,,,,,,,,,,,,,,,,,,,,,,,,,,,,
Xbox Series X,Rugby 22,"Jan 27, 2022",59,tbd,"['Rugby', 'Sports', 'Team']",,,,,,,,,,,,,,,,,,,,,,,,,,,,,,,,,,,,,,,,,,,,,,1,,,,,,,,,,1,,,,,,1,,,,,,,,,
Xbox Series X,Foreclosed,"Aug 12, 2021",59,5.8,"['Action Adventure', 'General']",,,,1,,,,,,,,,,,,,,,,,,,,1,,,,,,,,,,,,,,,,,,,,,,,,,,,,,,,,,,,,,,,,,,,,,,,
Xbox Series X,Recompile,"Aug 19, 2021",58,4.4,"['Action Adventure', 'Open-World']",,,,1,,,,,,,,,,,,,,,,,,,,,,,,,,,,,,,,,1,,,,,,,,,,,,,,,,,,,,,,,,,,,,,,,,,,
Xbox Series X,Dungeons & Dragons: Dark Alliance,"Jun 22, 2021",58,4.6,"['General', 'Role-Playing']",,,,,,,,,,,,,,,,,,,,,,,,1,,,,,,,,,,,,,,,,,,,,,1,,,,,,,,,,,,,,,,,,,,,,,,,,
Xbox Series X,Override 2: Super Mech League,"Dec 22, 2020",58,tbd,"['3D', 'Action', 'Fighting', 'General']",,1,1,,,,,,,,,,,,,,,,1,,,,,1,,,,,,,,,,,,,,,,,,,,,,,,,,,,,,,,,,,,,,,,,,,,,,,
Xbox Series X,Werewolf: The Apocalypse - Earthblood,"Feb  4, 2021",58,4.6,"['Action RPG', 'Role-Playing']",,,,,1,,,,,,,,,,,,,,,,,,,,,,,,,,,,,,,,,,,,,,,,1,,,,,,,,,,,,,,,,,,,,,,,,,,
Xbox Series X,Necromunda: Hired Gun,"Jun  1, 2021",56,5.3,"['Action', 'Arcade', 'First-Person', 'Shooter', 'Strategy', 'Tactics', 'Turn-Based']",,,1,,,,1,,,,,,,,,,,,,1,,,,,,,,,,,,,,,,,,,,,,,,,,,,,1,,,,,,,,,1,,,1,,,,,1,,,,,
Xbox Series X,Yuoni,"Sep  2, 2021",56,tbd,"['Action Adventure', 'Survival']",,,,1,,,,,,,,,,,,,,,,,,,,,,,,,,,,,,,,,,,,,,,,,,,,,,,,,,,,,,,1,,,,,,,,,,,,
Xbox Series X,Grand Theft Auto: The Trilogy - The Definitive Edition,"Nov 11, 2021",56,0.7,"['Compilation', 'Miscellaneous']",,,,,,,,,,,,,,,,,1,,,,,,,,,,,,,,,,,1,,,,,,,,,,,,,,,,,,,,,,,,,,,,,,,,,,,,,
Xbox Series X,Serious Sam 4: Planet Badass,"Dec  7, 2021",55,6.5,"['Action', 'Arcade', 'First-Person', 'Shooter']",,,1,,,,1,,,,,,,,,,,,,1,,,,,,,,,,,,,,,,,,,,,,,,,,,,,1,,,,,,,,,,,,,,,,,,,,,,
Xbox Series X,Bright Memory,"Nov 10, 2020",55,4.2,"['Action', 'Adventure', 'Arcade', 'First-Person', 'General', 'Shooter']",,,1,,,1,1,,,,,,,,,,,,,1,,,,1,,,,,,,,,,,,,,,,,,,,,,,,,1,,,,,,,,,,,,,,,,,,,,,,
Xbox Series X,Tennis World Tour 2,"Mar 30, 2021",55,5.8,"['Individual', 'Sports', 'Tennis']",,,,,,,,,,,,,,,,,,,,,,,,,,,,1,,,,,,,,,,,,,,,,,,,,,,,,,,,,1,,,,,,,1,,,,,,,,
Xbox Series X,The Dead Tree of Ranchiuna,"Feb  2, 2022",54,tbd,"['3D', 'Adventure', 'First-Person']",,1,,,,1,,,,,,,,,,,,,,1,,,,,,,,,,,,,,,,,,,,,,,,,,,,,,,,,,,,,,,,,,,,,,,,,,,
Xbox Series X,Space Jam: A New Legacy - The Game,"Jul  1, 2021",52,5.3,"['2D', 'Action', ""Beat-'Em-Up""]",1,,1,,,,,,,,1,,,,,,,,,,,,,,,,,,,,,,,,,,,,,,,,,,,,,,,,,,,,,,,,,,,,,,,,,,,,
Xbox Series X,Music Racer: Ultimate,"Mar  4, 2022",50,tbd,"['Arcade', 'Futuristic', 'Racing']",,,,,,,1,,,,,,,,,,,,,,,,1,,,,,,,,,,,,,,,,,,,1,,,,,,,,,,,,,,,,,,,,,,,,,,,,,
Xbox Series X,Blackwind,"Jan 20, 2022",48,tbd,"['Action', 'Action Adventure', 'Linear', ""Shoot-'Em-Up"", 'Shooter', 'Top-Down']",,,1,1,,,,,,,,,,,,,,,,,,,,,,,,,,1,,,,,,,,,,,,,,,,,,1,1,,,,,,,,,,,,,,,,1,,,,,,
Xbox Series X,Balan Wonderworld,"Mar 26, 2021",47,7.2,"['3D', 'Action', 'Platformer']",,1,1,,,,,,,,,,,,,,,,,,,,,,,,,,,,,,,,,,,,,1,,,,,,,,,,,,,,,,,,,,,,,,,,,,,,,
Xbox Series X,CrossfireX,"Feb 10, 2022",39,3.2,"['Action', 'First-Person', 'Shooter', 'Tactical']",,,1,,,,,,,,,,,,,,,,,1,,,,,,,,,,,,,,,,,,,,,,,,,,,,,1,,,,,,,,,,,1,,,,,,,,,,,
